Customer Name,Sales,Profit
Tom Ashbrook,13723.498000000001,4599.207299999999
Keith Dawkins,5854.194,2510.8903
Karen Daniels,6241.282,2283.0462999999995
Nathan Mautz,4821.292,2247.1904
Tom Boeckenhauer,6999.96,2239.9871999999996
Steven Roelle,3904.6800000000003,1863.9614
Pete Kriz,4816.6900000000005,1695.3208999999997
Darrin Martin,4283.792,1599.6806
Todd Sumrall,6492.314,1574.9714
Seth Vernon,7359.918,1571.7964000000002
